<?xml version="1.0" encoding="UTF-8"?>
<project-private xmlns="http://www.netbeans.org/ns/project-private/1">
    <editor-bookmarks xmlns="http://www.netbeans.org/ns/editor-bookmarks/2" lastBookmarkId="0"/>
    <open-files xmlns="http://www.netbeans.org/ns/projectui-open-files/2">
        <group>
            <file>file:/C:/Users/ztjam/OneDrive%20-%20National%20College%20of%20Ireland/Documents/Year%202/Teams%20project/MAMApp/test/mamapp/MAMAppIT.java</file>
            <file>file:/C:/Users/ztjam/OneDrive%20-%20National%20College%20of%20Ireland/Documents/Year%202/Teams%20project/MAMApp/src/mamapp/MAMGUI.java</file>
            <file>file:/C:/Users/ztjam/OneDrive%20-%20National%20College%20of%20Ireland/Documents/Year%202/Teams%20project/MAMApp/src/mamapp/timer.java</file>
            <file>file:/C:/Users/ztjam/OneDrive%20-%20National%20College%20of%20Ireland/Documents/Year%202/Teams%20project/MAMApp/src/mamapp/MAM.java</file>
            <file>file:/C:/Users/ztjam/OneDrive%20-%20National%20College%20of%20Ireland/Documents/Year%202/Teams%20project/MAMApp/src/mamapp/HealthAdvivce.java</file>
            <file>file:/C:/Users/ztjam/OneDrive%20-%20National%20College%20of%20Ireland/Documents/Year%202/Teams%20project/MAMApp/src/mamapp/timer2.java</file>
            <file>file:/C:/Users/ztjam/OneDrive%20-%20National%20College%20of%20Ireland/Documents/Year%202/Teams%20project/MAMApp/test/mamapp/timerTest.java</file>
            <file>file:/C:/Users/ztjam/OneDrive%20-%20National%20College%20of%20Ireland/Documents/Year%202/Teams%20project/MAMApp/src/mamapp/MAMApp.java</file>
            <file>file:/C:/Users/ztjam/OneDrive%20-%20National%20College%20of%20Ireland/Documents/Year%202/Teams%20project/MAMApp/src/mamapp/timer3.java</file>
            <file>file:/C:/Users/ztjam/OneDrive%20-%20National%20College%20of%20Ireland/Documents/Year%202/Teams%20project/MAMApp/test/mamapp/MAMIT.java</file>
            <file>file:/C:/Users/ztjam/OneDrive%20-%20National%20College%20of%20Ireland/Documents/Year%202/Teams%20project/MAMApp/src/mamapp/Calender.java</file>
        </group>
    </open-files>
</project-private>
